<?xml version="1.0" encoding="UTF-8"?>
<!-- Created with TexturePacker http://www.codeandweb.com/texturepacker-->
<!-- $TexturePacker:SmartUpdate:f1b90d209d901eb3878d48b8d59ddaac:26a46c4ec0d29ad4474664bc78a8c4f6:5470d1485e9c8da480a80b8283aef393$ -->
<TextureAtlas imagePath="objectAtlas.png" width="512" height="256">
    <SubTexture name="serverRackFan" x="0" y="0" width="7" height="7"/>
    <SubTexture name="hand" x="7" y="0" width="8" height="8"/>
    <SubTexture name="zombie_impact" x="330" y="0" width="45" height="9"/>
    <SubTexture name="brick_impact" x="285" y="0" width="45" height="9"/>
    <SubTexture name="woody-impact" x="375" y="0" width="45" height="9"/>
    <SubTexture name="tree_impact" x="420" y="0" width="45" height="9"/>
    <SubTexture name="RoombaPaw" x="465" y="0" width="9" height="9"/>
    <SubTexture name="bossImpact" x="0" y="9" width="45" height="9"/>
    <SubTexture name="e" x="276" y="0" width="9" height="9"/>
    <SubTexture name="car_impact" x="231" y="0" width="45" height="9"/>
    <SubTexture name="bullet" x="15" y="0" width="9" height="9"/>
    <SubTexture name="roach_impact" x="24" y="0" width="45" height="9"/>
    <SubTexture name="RobotImpact" x="69" y="0" width="45" height="9"/>
    <SubTexture name="pc-farm-impact" x="141" y="0" width="45" height="9"/>
    <SubTexture name="enemy-generator-impact" x="186" y="0" width="45" height="9"/>
    <SubTexture name="bullet_collision" x="114" y="0" width="27" height="9"/>
    <SubTexture name="biterItem2" x="55" y="9" width="10" height="10"/>
    <SubTexture name="BiterItem" x="45" y="9" width="10" height="10"/>
    <SubTexture name="meow" x="65" y="9" width="33" height="14"/>
    <SubTexture name="aim" x="98" y="9" width="15" height="15"/>
    <SubTexture name="AroadSideRight" x="208" y="25" width="16" height="16"/>
    <SubTexture name="ExbugTriggered" x="224" y="25" width="16" height="16"/>
    <SubTexture name="AroadSideLeft" x="240" y="25" width="16" height="16"/>
    <SubTexture name="Exbug" x="256" y="25" width="16" height="16"/>
    <SubTexture name="AroadDull" x="272" y="25" width="16" height="16"/>
    <SubTexture name="AroadSideTop" x="192" y="25" width="16" height="16"/>
    <SubTexture name="AroadSideBottom" x="176" y="25" width="16" height="16"/>
    <SubTexture name="AroadHole" x="80" y="25" width="16" height="16"/>
    <SubTexture name="LaserAmmo" x="288" y="25" width="16" height="16"/>
    <SubTexture name="Lamp" x="112" y="25" width="16" height="16"/>
    <SubTexture name="Bomb" x="144" y="25" width="16" height="16"/>
    <SubTexture name="Biter" x="160" y="25" width="16" height="16"/>
    <SubTexture name="AroadMiddleMark" x="128" y="25" width="16" height="16"/>
    <SubTexture name="LaserIcon" x="448" y="25" width="16" height="16"/>
    <SubTexture name="FlameThrowerIcon" x="64" y="25" width="16" height="16"/>
    <SubTexture name="RocketLauncherIcon" x="304" y="25" width="16" height="16"/>
    <SubTexture name="AroadCornerLT" x="464" y="25" width="16" height="16"/>
    <SubTexture name="PistolIcon" x="496" y="25" width="16" height="16"/>
    <SubTexture name="AroadCornerRT" x="0" y="41" width="16" height="16"/>
    <SubTexture name="PistolAmmo" x="480" y="25" width="16" height="16"/>
    <SubTexture name="AroadCornerRB" x="432" y="25" width="16" height="16"/>
    <SubTexture name="AroadCornerLB" x="320" y="25" width="16" height="16"/>
    <SubTexture name="Roomba" x="336" y="25" width="16" height="16"/>
    <SubTexture name="RocketLauncher" x="416" y="25" width="16" height="16"/>
    <SubTexture name="RoombaRocket" x="352" y="25" width="16" height="16"/>
    <SubTexture name="SMGIcon" x="384" y="25" width="16" height="16"/>
    <SubTexture name="AroadCentralMarkLeft" x="400" y="25" width="16" height="16"/>
    <SubTexture name="StreetLamp" x="368" y="25" width="16" height="16"/>
    <SubTexture name="Laser" x="96" y="25" width="16" height="16"/>
    <SubTexture name="sand" x="243" y="9" width="16" height="16"/>
    <SubTexture name="tube" x="323" y="9" width="16" height="16"/>
    <SubTexture name="gateWallMiddle" x="259" y="9" width="16" height="16"/>
    <SubTexture name="sub_gun" x="291" y="9" width="16" height="16"/>
    <SubTexture name="water" x="307" y="9" width="16" height="16"/>
    <SubTexture name="steel_door" x="275" y="9" width="16" height="16"/>
    <SubTexture name="sand-masked" x="227" y="9" width="16" height="16"/>
    <SubTexture name="flame" x="113" y="9" width="16" height="16"/>
    <SubTexture name="BombBlink" x="48" y="25" width="16" height="16"/>
    <SubTexture name="healthCrate" x="211" y="9" width="16" height="16"/>
    <SubTexture name="ARoadCentralMarkRight" x="145" y="9" width="16" height="16"/>
    <SubTexture name="ZombieHands" x="177" y="9" width="18" height="16"/>
    <SubTexture name="Zombie" x="195" y="9" width="16" height="16"/>
    <SubTexture name="brick_wall" x="161" y="9" width="16" height="16"/>
    <SubTexture name="gateWall" x="129" y="9" width="16" height="16"/>
    <SubTexture name="pillar_wall" x="467" y="9" width="16" height="16"/>
    <SubTexture name="roach" x="451" y="9" width="16" height="16"/>
    <SubTexture name="player" x="483" y="9" width="16" height="16"/>
    <SubTexture name="FlameThrower" x="16" y="25" width="16" height="16"/>
    <SubTexture name="FlameThrowerAmmo" x="32" y="25" width="16" height="16"/>
    <SubTexture name="arrow" x="0" y="25" width="16" height="16"/>
    <SubTexture name="water-masked" x="339" y="9" width="16" height="16"/>
    <SubTexture name="rocketLauncherAmmo" x="355" y="9" width="16" height="16"/>
    <SubTexture name="gateWallVertical" x="371" y="9" width="16" height="16"/>
    <SubTexture name="metal_panel_floor" x="435" y="9" width="16" height="16"/>
    <SubTexture name="hole" x="419" y="9" width="16" height="16"/>
    <SubTexture name="SubGunAmmo" x="387" y="9" width="16" height="16"/>
    <SubTexture name="roach_glyph" x="403" y="9" width="16" height="16"/>
    <SubTexture name="RocketExplosion" x="16" y="41" width="90" height="18"/>
    <SubTexture name="Pancake" x="106" y="41" width="20" height="20"/>
    <SubTexture name="ChairBack" x="126" y="41" width="4" height="20"/>
    <SubTexture name="Truck" x="130" y="41" width="40" height="24"/>
    <SubTexture name="grass" x="442" y="41" width="32" height="32"/>
    <SubTexture name="metal_panel_floor_hwires" x="474" y="41" width="32" height="32"/>
    <SubTexture name="grass-masked" x="0" y="73" width="32" height="32"/>
    <SubTexture name="enemy-generator-side" x="64" y="73" width="32" height="32"/>
    <SubTexture name="Car" x="426" y="41" width="16" height="32"/>
    <SubTexture name="serverRack" x="96" y="73" width="32" height="32"/>
    <SubTexture name="metal_panel_floor_vwires" x="32" y="73" width="32" height="32"/>
    <SubTexture name="water0" x="394" y="41" width="32" height="32"/>
    <SubTexture name="crate" x="202" y="41" width="32" height="32"/>
    <SubTexture name="enemy-generator-corner" x="234" y="41" width="32" height="32"/>
    <SubTexture name="PCTable" x="266" y="41" width="32" height="32"/>
    <SubTexture name="tree" x="170" y="41" width="32" height="32"/>
    <SubTexture name="Water1" x="362" y="41" width="32" height="32"/>
    <SubTexture name="boss" x="298" y="41" width="32" height="32"/>
    <SubTexture name="water2" x="330" y="41" width="32" height="32"/>
    <SubTexture name="EnemyGeneratorTopLayer" x="128" y="73" width="36" height="36"/>
    <SubTexture name="dirt" x="204" y="73" width="40" height="40"/>
    <SubTexture name="stone" x="164" y="73" width="40" height="40"/>
    <SubTexture name="AcidPuddle" x="244" y="73" width="48" height="48"/>
    <SubTexture name="Circle" x="292" y="73" width="64" height="64"/>
</TextureAtlas>
