<?xml version="1.0" encoding="UTF-8"?>
<!-- Created with TexturePacker http://www.codeandweb.com/texturepacker-->
<!-- $TexturePacker:SmartUpdate:477476d996eff7aa60f9adb1b5e9d3bf:3250c116fd523cdba3735cb1652649d5:8f9fcc16681508ffd37649fb88be1ee8$ -->
<TextureAtlas imagePath="shadowAtlas.png" width="512" height="512">
    <SubTexture name="flashlight" x="0" y="0" width="128" height="128"/>
    <SubTexture name="light" x="128" y="0" width="128" height="128"/>
    <SubTexture name="lightLayerInnerCorner" x="256" y="0" width="32" height="32"/>
    <SubTexture name="lightLayerOuterCorner" x="288" y="0" width="32" height="32"/>
    <SubTexture name="lightLayerSide" x="320" y="0" width="32" height="32"/>
    <SubTexture name="shadow" x="352" y="0" width="96" height="96"/>
    <SubTexture name="shadow4x" x="0" y="128" width="128" height="128"/>
    <SubTexture name="shadow9x" x="128" y="128" width="160" height="160"/>
    <SubTexture name="slight" x="288" y="128" width="96" height="96"/>
    <SubTexture name="smallLight" x="384" y="128" width="32" height="32"/>
</TextureAtlas>
